RegNo,Manufacturer,CarModel,YearOfPurchase,Availability
3C3CFFDR2FT212065,Saab,Mitsubishi,1996,AVAILABLE
1FTSX2A56AE727901,Dodge,Chevrolet,1995,AVAILABLE
1FTWX3B52AE252253,Pontiac,Toyota,1989,NOT AVAILABLE
WAUVC68E73A672052,BMW,Dodge,1995,NOT AVAILABLE
WBA6A0C5XFG482343,GMC,Mitsubishi,2001,NOT AVAILABLE
19UUB3F59FA958929,Audi,Subaru,1989,NOT AVAILABLE
2T1KU4EE0DC750213,Porsche,Infiniti,1990,AVAILABLE
5N1AN0NU4AC221579,Volvo,Ford,2007,AVAILABLE
WBADS43481G973005,Porsche,GMC,1989,AVAILABLE
WA1VMBFE5BD604853,Pontiac,BMW,2000,NOT AVAILABLE
WDDHF2EB6DA780082,Corbin,Isuzu,1999,AVAILABLE
WAUDT48H55K137485,Ford,Cadillac,1997,NOT AVAILABLE
WAUVT68EX5A012851,Mazda,Kia,2009,NOT AVAILABLE
19UUA8F57DA024569,Suzuki,Mercedes-Benz,1994,AVAILABLE
19UUB2F35FA885079,Ford,Audi,1983,AVAILABLE
1B3CB7HB6AD651621,Land Rover,GMC,2012,AVAILABLE
KL4CJCSB2DB298551,Chrysler,Mazda,2009,NOT AVAILABLE
WUALNAFG8EN937555,Volkswagen,Volkswagen,2004,AVAILABLE
WAUHF78P88A942005,Ford,Mitsubishi,2007,NOT AVAILABLE
1GYFC36259R873760,Ford,Chevrolet,2009,AVAILABLE
1G6AH5RX3E0181342,Mercury,Suzuki,1999,NOT AVAILABLE
1GYUCAEF9AR723607,Buick,Isuzu,2003,AVAILABLE
WBA3X5C56FD402309,Isuzu,Volvo,1998,NOT AVAILABLE
1GYS3KEF5CR363803,GMC,Chevrolet,2006,NOT AVAILABLE
1N4AL2AP4CC890031,Mazda,Jaguar,1992,AVAILABLE
WAUNG74F39N956708,Mercedes-Benz,Volkswagen,1981,NOT AVAILABLE
1GYS4GKJ7FR701922,Saab,Chevrolet,2005,AVAILABLE
1J4NF1GB3AD150156,Cadillac,Chevrolet,2008,NOT AVAILABLE
1GYEE437990994906,Ford,Lotus,2013,AVAILABLE
3C3CFFFH2FT500270,Buick,Volvo,1990,NOT AVAILABLE
WAUFL44D03N062962,Mazda,Dodge,2012,AVAILABLE
TRUDD38J791415186,Dodge,Buick,1998,AVAILABLE
3VW507ATXFM973686,Ford,Volvo,1998,NOT AVAILABLE
JN8AZ1MU3CW711727,Chevrolet,Mazda,1961,AVAILABLE
3D7TT2HT4BG400162,Dodge,Acura,2003,AVAILABLE
WAUFFAFL6FA251573,Chevrolet,Volkswagen,1967,AVAILABLE
1FMHK7B87CG255466,Infiniti,Subaru,2007,NOT AVAILABLE
2G4WS52J321201711,Lexus,Dodge,2011,AVAILABLE
WBSBR93441E858506,Ferrari,Jeep,2007,NOT AVAILABLE
JTEBU4BF0DK004240,Toyota,Lamborghini,2005,AVAILABLE
WAUA2AFD3EN380568,Subaru,Cadillac,2005,NOT AVAILABLE
WAUHF98P68A303505,Suzuki,Acura,2004,NOT AVAILABLE
137FA84311E506163,Volkswagen,Ford,2011,NOT AVAILABLE
WVGFF9BP9BD659676,Toyota,Chevrolet,1998,NOT AVAILABLE
4T3BA3BBXBU548771,Chevrolet,Lexus,1989,AVAILABLE
1N6AA0CA4DN377491,Nissan,Lincoln,1991,NOT AVAILABLE
3D73M3CL4BG187465,Nissan,Ford,1999,AVAILABLE
WAUSF78E86A677748,Mercedes-Benz,Dodge,2009,AVAILABLE
WBAWR3C54AP516022,Kia,Ford,2009,AVAILABLE
4T1BK1EB3EU473521,Cadillac,Hyundai,2007,AVAILABLE
JM1NC2MF7D0674854,Volvo,Mercedes-Benz,2007,AVAILABLE
WBAFV3C59ED091271,Volkswagen,Infiniti,2010,NOT AVAILABLE
JH4CU4F4XAC902415,BMW,Bentley,2004,NOT AVAILABLE
WBAWC7C5XAP669495,Aptera,Toyota,2010,AVAILABLE
1G4GG5G32DF820232,Land Rover,Chevrolet,1995,AVAILABLE
WAULC58E72A191198,GMC,Dodge,2007,NOT AVAILABLE
WBANV13548B560749,Pontiac,Ford,1999,NOT AVAILABLE
TRUTC28NX31399083,Mercedes-Benz,GMC,2001,NOT AVAILABLE
1YVHZ8BH7A5255219,Mercedes-Benz,Suzuki,2005,AVAILABLE
JA32X2HU3BU193794,Chevrolet,Ford,1999,NOT AVAILABLE
WAUPEAFM9DA775846,Lexus,Mercury,1989,AVAILABLE
WP0AB2A8XFK707232,Dodge,Chevrolet,2006,AVAILABLE
3C4PDCBB6CT540124,Mercedes-Benz,Mercury,2011,AVAILABLE
1FTMF1E85AF185419,Rolls-Royce,Chevrolet,2010,AVAILABLE
WA1AV74L29D687310,Mercedes-Benz,Acura,2011,AVAILABLE
JH4DC538X6S674546,Lexus,Mitsubishi,2010,AVAILABLE
WBAAV33481E839644,Chevrolet,Volvo,2010,NOT AVAILABLE
1G6DH577380676886,Pontiac,Pontiac,1966,AVAILABLE
WA1YL64B94N064601,Dodge,Lamborghini,2000,NOT AVAILABLE
1N4AA5AP7BC519449,Chevrolet,Toyota,2002,NOT AVAILABLE
WA1DGBFE5BD664943,Buick,GMC,1985,AVAILABLE
3GYFNEE37DS994991,Kia,Mercedes-Benz,2009,AVAILABLE
WUAAU34219N881431,Mitsubishi,Pontiac,1994,AVAILABLE
WAUBVAFB1BN534359,Chevrolet,Saab,2002,AVAILABLE
SALFP2BN1AH862522,Mazda,Mitsubishi,1998,NOT AVAILABLE
WAUGL68E35A510155,Mazda,Audi,1993,NOT AVAILABLE
YV1902FH5D2189863,Nissan,Volkswagen,1995,NOT AVAILABLE
WBSBR93482E782449,Maserati,Jensen,1990,NOT AVAILABLE
WAUGL98EX7A667055,Lotus,Mercedes-Benz,2011,NOT AVAILABLE
5N1BA0ND6FN669446,Ford,GMC,2003,AVAILABLE
3G5DA03L56S065942,Ford,Chevrolet,2005,NOT AVAILABLE
1FTEX1CM7BK315386,Porsche,BMW,2010,NOT AVAILABLE
JTDZN3EU5EJ367032,Cadillac,Chevrolet,2007,NOT AVAILABLE
WBAEW53434P208299,GMC,Subaru,2004,NOT AVAILABLE
1FTEW1CW9AF742452,Chevrolet,Ford,2000,NOT AVAILABLE
WA1AY94L38D091673,GMC,Lotus,2006,NOT AVAILABLE
1B3CB3HAXBD714916,Eagle,Dodge,1993,AVAILABLE
1GD21ZCG7CZ195173,Nissan,Lexus,2009,AVAILABLE
1FTSW2A53AE530199,Volkswagen,Ford,1986,NOT AVAILABLE
4T1BK3DB5BU714990,Lincoln,GMC,1993,AVAILABLE
1G6KD57YX6U968407,Acura,Toyota,1999,AVAILABLE
1GYUCEEJ9AR900037,Buick,Acura,2006,NOT AVAILABLE
1G4HP54K244787826,Pontiac,Kia,2008,AVAILABLE
1C4RDHAG5DC455369,Mazda,Ford,1996,AVAILABLE
3D73M4CL1BG373051,Nissan,Mercedes-Benz,1992,NOT AVAILABLE
WA1WMAFE3CD671600,Ford,Chevrolet,1991,AVAILABLE
1FTEX1C84AF054342,Mercedes-Benz,Ford,1986,NOT AVAILABLE
WDDUG7GB1FA283692,GMC,Plymouth,1993,AVAILABLE
1FTEX1E83AF273984,Volvo,Mitsubishi,1999,AVAILABLE
1G6DP577270479371,Pontiac,Mazda,1990,AVAILABLE
1G6YV36A765567942,Chevrolet,Acura,2005,NOT AVAILABLE
JTJHY7AX2A4208114,Mitsubishi,GMC,1994,NOT AVAILABLE
JM1BL1L34D1494911,Audi,Ford,2011,AVAILABLE
1G6DL67A990172067,Ford,Dodge,1985,AVAILABLE
SALVN2BGXFH996827,Porsche,Infiniti,1987,NOT AVAILABLE
SCFFDCCD8AG947084,Nissan,Hyundai,2007,AVAILABLE
JN8AE2KPXC9322760,Mazda,Isuzu,1992,AVAILABLE
JN1CV6FE3FM325833,GMC,Mitsubishi,1995,AVAILABLE
4USDU53578L126547,Lamborghini,GMC,2012,NOT AVAILABLE
1C6RD7JT3CS887218,BMW,Toyota,1999,NOT AVAILABLE
1N6AD0CU0BC227162,Honda,Chevrolet,1998,NOT AVAILABLE
KNADM5A35D6433311,BMW,GMC,2008,AVAILABLE
WAUMFAFR3FA921981,Volkswagen,Honda,1990,NOT AVAILABLE
JN1AZ4EH0DM757336,Ford,Dodge,2012,AVAILABLE
SCBLE47K98C843592,Mercury,Volkswagen,2002,NOT AVAILABLE
1C4SDHCT0DC093480,Mercedes-Benz,Jaguar,2010,NOT AVAILABLE
WAUXD68D62A089015,Toyota,Dodge,1993,NOT AVAILABLE
1FTNS2EW6AD380803,Saab,Infiniti,2011,AVAILABLE
5YMGY0C50CL090873,Chevrolet,GMC,2012,AVAILABLE
WBA3B3G51FN814032,Dodge,Ford,1981,AVAILABLE
JN1AZ4EH5CM438173,Porsche,Infiniti,1986,AVAILABLE
1G4HE5EM8AU433584,Lincoln,Ford,1985,NOT AVAILABLE
WBAGN63564D478641,Toyota,Nissan,2001,NOT AVAILABLE
WDDNG9FB9DA236666,Ram,Nissan,2011,AVAILABLE
5FNYF3H45FB129808,Suzuki,Mercedes-Benz,1995,AVAILABLE
1G6DV1EP4F0907134,Mazda,Audi,1993,NOT AVAILABLE
YV4940BL8D1422162,Chrysler,BMW,2000,AVAILABLE
YV126MEDXF1477641,Ford,GMC,2011,AVAILABLE
2T1BURHEXFC370825,Dodge,Volvo,2001,AVAILABLE
JHMFA3F23AS697315,Volkswagen,Porsche,1987,AVAILABLE
1G6AB5SX8F0716775,Ford,Suzuki,2005,NOT AVAILABLE
WBSPM9C57BE690150,Honda,Porsche,1988,AVAILABLE
1G6KF54965U534295,Nissan,Ford,2005,AVAILABLE
JN8AZ2KR7AT131089,Honda,Honda,2006,AVAILABLE
TRUDD38J981459107,Honda,Jeep,1999,AVAILABLE
WBAFU9C56CC715522,Oldsmobile,Toyota,1996,NOT AVAILABLE
WA1YD64B03N966937,Chevrolet,Volvo,1963,AVAILABLE
WVWED7AJ5CW797647,Audi,Land Rover,2010,AVAILABLE
JH4NA12604T518137,Volvo,Mercury,2005,AVAILABLE
4JGBB2FB8AA525158,Volvo,BMW,2008,AVAILABLE
JTHBB1BA4B2905104,Oldsmobile,Daihatsu,1997,NOT AVAILABLE
5UMCN93452L665006,Ford,Mercedes-Benz,1992,AVAILABLE
1FTEX1CM9DF005297,BMW,Land Rover,1996,AVAILABLE
WBALM5C58BE973720,Audi,Suzuki,2000,NOT AVAILABLE
WBA3B9C54EJ220503,Dodge,Lotus,2008,AVAILABLE
19VDE1F53FE457261,Dodge,Buick,2007,NOT AVAILABLE
JN1AY1AP2DM031086,Chrysler,Mercedes-Benz,1995,AVAILABLE
SAJWA4EC2BM353886,Nissan,Toyota,1992,NOT AVAILABLE
2C3CDZBT1FH823056,Cadillac,Toyota,1996,AVAILABLE
JH4CU2F69BC045947,Mercedes-Benz,Chrysler,2001,AVAILABLE
YV126MFJ2F1183798,Ford,BMW,2002,AVAILABLE
KMHFC4DF0BA849576,Dodge,GMC,2010,NOT AVAILABLE
3GTXKYEJ3AG701721,GMC,Chevrolet,1998,AVAILABLE
JH4DC54834S027126,GMC,Mercedes-Benz,1997,NOT AVAILABLE
1D7RB1CT3AS255346,Ford,Chevrolet,2009,NOT AVAILABLE
1GYEE637390702596,Jeep,Cadillac,2006,NOT AVAILABLE
JH4KA96614C725468,Plymouth,Acura,2001,NOT AVAILABLE
WUAUUAFG9EN958907,Jaguar,Ford,2001,NOT AVAILABLE
JN8AF5MR9ET641375,Lincoln,Ford,2002,NOT AVAILABLE
1C3CCBCG3DN438355,GMC,Bentley,1993,NOT AVAILABLE
JHMZE2H37CS709308,Nissan,Isuzu,1992,NOT AVAILABLE
1G6AJ1RX5F0134554,Chevrolet,Chrysler,1993,AVAILABLE
WBANW53508C354973,Lexus,Aston Martin,2008,NOT AVAILABLE
1GYS3GEF4BR300221,Toyota,Pontiac,2004,AVAILABLE
YV126MEB8F1247126,Jensen,Mazda,1966,AVAILABLE
3VW1K7AJ4FM661600,Chevrolet,BMW,2000,AVAILABLE
WBA3B5C54FP045063,Honda,Volvo,2001,NOT AVAILABLE
WA1CFBFPXBA057504,Subaru,Audi,1998,AVAILABLE
WDDNG7BB9AA906996,Ford,BMW,2001,AVAILABLE
WAUSF98E77A999942,Pontiac,Lexus,1977,AVAILABLE
WUADNAFGXAN064289,Isuzu,Dodge,2002,NOT AVAILABLE
1G4GC5GR7CF936573,Toyota,Mitsubishi,1995,NOT AVAILABLE
5TDBM5G15CS425563,Infiniti,Mitsubishi,1997,NOT AVAILABLE
1FT7W2A69EE536903,GMC,Ford,2006,NOT AVAILABLE
JA32U2FUXEU859467,Dodge,Mazda,1984,AVAILABLE
5UXFB93572L722484,Cadillac,Studebaker,1992,NOT AVAILABLE
1G6DU6EV3A0956073,Chrysler,Volvo,2002,NOT AVAILABLE
WBXPC9C44AW228528,Saturn,Chevrolet,2000,AVAILABLE
1G6DU6EA9A0416076,Pontiac,Aston Martin,2003,AVAILABLE
WUAW2BFC9FN091270,Volvo,BMW,2012,AVAILABLE
KMHGH4JH7FU567273,Nissan,GMC,2000,NOT AVAILABLE
WDDGF4HB5EA178889,Isuzu,Pontiac,2003,NOT AVAILABLE
WP0AA2A92CS797791,Lexus,Nissan,1998,AVAILABLE
WAU2GAFCXEN743140,Mazda,Mazda,1990,NOT AVAILABLE
WP0CB2A8XCS332415,MINI,Kia,2011,AVAILABLE
TRUDD38J291371484,Chrysler,Ford,1996,AVAILABLE
WAUSH78E08A740340,Pontiac,Mercury,1983,AVAILABLE
WA1CFBFP0CA299574,GMC,Pontiac,2003,NOT AVAILABLE
JN1AZ4EH8AM290503,Infiniti,GMC,1997,AVAILABLE
JTEBU4BF0EK054900,Bentley,Subaru,2008,NOT AVAILABLE
1D7CE2BK6AS027871,Mercedes-Benz,Suzuki,1992,AVAILABLE
1G6KD57Y79U912428,GMC,Ferrari,2004,AVAILABLE
WAUKG74F76N298552,Suzuki,Chevrolet,1996,NOT AVAILABLE
JM1NC2NF7E0905820,GMC,Ford,1995,NOT AVAILABLE
WBA3A5G57CN116888,Audi,BMW,1992,AVAILABLE
WBABN33483J849007,Honda,Toyota,2011,AVAILABLE
SCFAD01E59G216662,Mercedes-Benz,Dodge,2006,AVAILABLE
1GYEE437080238458,Ford,Honda,1997,AVAILABLE
1G6KE57Y41U315786,Dodge,Buick,2005,AVAILABLE
WAUBFAFL9EA469228,Subaru,Mercedes-Benz,1997,NOT AVAILABLE
2T3BFREV4FW340045,Dodge,Ford,1994,AVAILABLE
WAUEF98E28A003526,Ford,Isuzu,2006,AVAILABLE
WBSWD9C51AP244834,Pontiac,Toyota,1999,NOT AVAILABLE
WAUKF78P19A660182,Mercury,Ford,1992,NOT AVAILABLE
2C4RDGBG5DR239585,Lincoln,Ford,1998,NOT AVAILABLE
WBASP4C5XCC144058,Lexus,Mercedes-Benz,2009,AVAILABLE
3VW467AT2CM869988,Dodge,Mitsubishi,2008,NOT AVAILABLE
WAUJC68E14A831664,Dodge,Oldsmobile,2003,NOT AVAILABLE
5N1AN0NU5AC813072,Toyota,Dodge,1993,NOT AVAILABLE
WA1CMAFE7BD165785,Jensen,Jaguar,1967,NOT AVAILABLE
2FMDK3GC3AB308852,Hyundai,Hyundai,2008,AVAILABLE
3VW467AT6DM005253,Jeep,Chevrolet,2006,AVAILABLE
WDDHF5KBXEA866440,Mitsubishi,Chevrolet,2001,NOT AVAILABLE
SAJWA4DB7DL539845,Kia,Volvo,2003,NOT AVAILABLE
1HGCR2E78FA106494,Nissan,Mitsubishi,1993,NOT AVAILABLE
WAUVT68E35A345067,Volkswagen,Hyundai,1993,AVAILABLE
1C3CDFAA1DD968039,BMW,Mitsubishi,1997,AVAILABLE
5LMJJ3H52BE259218,Nissan,Ford,1993,AVAILABLE
WBAPK7C57BF137006,Ford,Aston Martin,2004,NOT AVAILABLE
WAUVC58E32A725371,Toyota,Toyota,1997,AVAILABLE
2C3CA2CVXAH885144,Mitsubishi,Land Rover,1997,NOT AVAILABLE
1G4GL5E38CF503682,Mercedes-Benz,Mercedes-Benz,2012,AVAILABLE
3N1CN7AP0EK812405,Suzuki,Land Rover,2003,NOT AVAILABLE
1GYS3HEFXER108523,GMC,Oldsmobile,2004,NOT AVAILABLE
SCFAD02A85G974128,Isuzu,Chevrolet,1998,NOT AVAILABLE
WAUPN44E97N451466,Buick,Buick,2005,NOT AVAILABLE
WVGAV3AX0EW694322,Cadillac,Dodge,2004,AVAILABLE
WDDLJ6FB8FA087614,Audi,Chrysler,1990,AVAILABLE
JN8AZ1MU8DW098277,Mercury,Peugeot,1999,NOT AVAILABLE
WAUEKBFB9AN369493,Cadillac,Mitsubishi,2000,AVAILABLE
1FTEX1C82AF569100,Ford,Porsche,1972,AVAILABLE
KNAGM4AD1D5249926,Pontiac,Mazda,2003,NOT AVAILABLE
2T2BC1BAXFC566043,Dodge,Jeep,1994,AVAILABLE
WP0AA2A92FS362046,Bentley,Mazda,2011,AVAILABLE
1GTC5MF92B8095564,GMC,Chevrolet,2012,AVAILABLE
1FMJK1F56BE746538,Nissan,Porsche,1996,AVAILABLE
1G6DA67V980212672,Porsche,Mazda,1987,NOT AVAILABLE
JH4DC23961S080911,GMC,Smart,2012,NOT AVAILABLE
WUAUUAFG5F7323673,Ford,Rolls-Royce,2013,AVAILABLE
SCBDC47L07C713346,Mercury,Chevrolet,2005,AVAILABLE
WBA3B3G57EN378138,Oldsmobile,Buick,1995,AVAILABLE
WAUJC68E65A623426,Chevrolet,Mazda,2009,AVAILABLE
WBABD53466P492152,Lexus,Buick,1989,NOT AVAILABLE
JH4KB16618C326743,Honda,Volkswagen,1993,AVAILABLE
JTDKDTB36E1514992,Ford,GMC,1995,NOT AVAILABLE
SAJWA0HP9EM517193,Pontiac,Toyota,1965,NOT AVAILABLE
1C3CDFDHXFD104621,Subaru,Saab,2002,AVAILABLE
WBA4B3C52FD372426,Jeep,Hyundai,1998,AVAILABLE
3VW507AT0EM628293,Jaguar,Audi,1993,AVAILABLE
TRUWT28N721044951,GMC,BMW,2004,NOT AVAILABLE
1FTEW1C82AF177012,Ford,Mitsubishi,2006,NOT AVAILABLE
WAUGGAFC3DN839504,Bentley,Ford,2006,AVAILABLE
3C4PDDGG5FT623641,Mitsubishi,Volkswagen,1998,NOT AVAILABLE
WAUMFAFL3AA017990,Toyota,Toyota,1993,NOT AVAILABLE
WBAWL13547P503849,Toyota,Volkswagen,1994,NOT AVAILABLE
WAUKF78E28A341466,Dodge,Ford,2008,NOT AVAILABLE
2HNYD18681H641510,Dodge,Toyota,1997,NOT AVAILABLE
JM1DE1KY6D0346085,Honda,Mitsubishi,2001,AVAILABLE
1FMJK1H54CE876980,Lincoln,Ford,2010,AVAILABLE
JTEBU5JR9A5015684,Ford,Mazda,1970,AVAILABLE
3LN6L2G96FR196080,GMC,Cadillac,2012,NOT AVAILABLE
3N1AB6AP8BL900960,Mazda,Dodge,2005,AVAILABLE
2T1BURHE9EC085032,Audi,Land Rover,2004,AVAILABLE
3D73Y3HL8AG889526,Suzuki,Cadillac,2004,AVAILABLE
WBAGH03441D245493,Nissan,Pontiac,2003,NOT AVAILABLE
SCBCC41NX9C838220,Pontiac,Lexus,1990,AVAILABLE
1GYFC562X9R404885,Dodge,Dodge,1994,AVAILABLE
5GAKVDKD1DJ068200,Land Rover,Bentley,2004,NOT AVAILABLE
JA32X8HW2EU394885,GMC,Acura,2005,NOT AVAILABLE
1G4GA5GR8CF828260,Mazda,Chevrolet,2001,AVAILABLE
5J8TB2H2XCA746819,Volvo,Buick,2003,NOT AVAILABLE
SCFEFBBC7AG667553,GMC,Pontiac,2006,NOT AVAILABLE
WBAYA8C5XFG240708,Suzuki,GMC,2004,AVAILABLE
5GALVBED3AJ526786,Lexus,Volvo,2006,NOT AVAILABLE
1FTSX2A56AE505472,GMC,Kia,1994,AVAILABLE
1N6AF0KY5FN433117,Eagle,Volkswagen,1990,NOT AVAILABLE
JN1CV6AP0BM130727,Subaru,Mercury,2006,NOT AVAILABLE
1G6KD5EY2AU966484,Lexus,Mercedes-Benz,2007,AVAILABLE
WUATNAFG8BN658490,Infiniti,Dodge,2002,NOT AVAILABLE
WAUJT58EX3A407960,Mazda,Ford,2012,AVAILABLE
3TMJU4GN4CM284266,Mazda,Chrysler,1999,AVAILABLE
1GYFC23299R813429,Chevrolet,Porsche,2010,AVAILABLE
2B3CK2CV2AH166870,Mitsubishi,Acura,2003,AVAILABLE
SCFAD01A35G233337,Mercedes-Benz,Aston Martin,1998,NOT AVAILABLE
1G6DN57U770903655,Mitsubishi,Dodge,2012,AVAILABLE
SCFEDCAD0AG067947,Plymouth,Ford,1995,NOT AVAILABLE
2C4RDGCG1FR454091,Mercedes-Benz,Audi,2007,NOT AVAILABLE
1GYS4HEF3DR669822,Volkswagen,Lexus,1986,NOT AVAILABLE
1HGCP2E82AA933270,BMW,Honda,1999,AVAILABLE
JN1CV6FE6AM312695,Volvo,Lotus,2004,AVAILABLE
WBAVD53568A079823,Cadillac,Chevrolet,2008,NOT AVAILABLE
2T1BURHE8EC578331,GMC,Lamborghini,2001,AVAILABLE
JN8AZ2KR4CT203546,Cadillac,Mitsubishi,2008,AVAILABLE
WBA3F9C50EF364959,Dodge,Pontiac,2007,AVAILABLE
4JGBF2FE0CA614661,Acura,Rolls-Royce,2008,NOT AVAILABLE
WBAHN83537D576921,Land Rover,Ford,1999,NOT AVAILABLE
1FTEW1E87AK739474,Porsche,Mercury,1989,NOT AVAILABLE
WVGAV7AX8BW396460,Acura,Dodge,2001,NOT AVAILABLE
WVWDB7AJ6EW324988,Audi,Toyota,1986,NOT AVAILABLE
WAUCVAFR5CA156122,Infiniti,Volvo,1994,NOT AVAILABLE
JN8AE2KP8B9640813,Mazda,Jeep,1993,NOT AVAILABLE
JN8AE2KP7F9246743,Saturn,Toyota,1995,NOT AVAILABLE
SAJWJ0FF8F8968295,Lotus,Ford,1991,AVAILABLE
SCFAB02A17G597344,Chevrolet,Volkswagen,1960,AVAILABLE
2G4G05GV8B9392095,GMC,Chrysler,2005,NOT AVAILABLE
2G61N5S37F9968057,Lexus,Toyota,1997,NOT AVAILABLE
JN8AS5MT5FW593087,Ford,Mercedes-Benz,2009,NOT AVAILABLE
YV126MFD3F1638832,Mercury,Chevrolet,2000,AVAILABLE
1D7RE2BK5BS392053,Subaru,Honda,1988,AVAILABLE
SCBZK25E21C535285,Hyundai,Ford,2012,NOT AVAILABLE
JH4CW2H5XBC578002,Buick,Infiniti,1985,NOT AVAILABLE
WBA6B2C54FD220618,Chevrolet,Volvo,1995,NOT AVAILABLE
1GKUKFDJ8AR267339,Mazda,Buick,2010,AVAILABLE
4T1BF3EK7AU765635,Aston Martin,Mercury,2007,AVAILABLE
KNAFU6A28D5484295,BMW,Peugeot,1997,NOT AVAILABLE
WBAET37494N111952,Volkswagen,Toyota,2001,AVAILABLE
2G4WY55J311643736,Ford,Chevrolet,1993,AVAILABLE
1GT01ZCG5CF661440,Dodge,Chevrolet,1999,AVAILABLE
3GYFK66N06G626561,Toyota,Hyundai,2007,NOT AVAILABLE
2LMDJ6JK9BB431987,Lotus,Dodge,1986,NOT AVAILABLE
WA1AY74L87D459641,Nissan,Buick,2001,NOT AVAILABLE
WBAVB13536P953487,Lamborghini,Ford,2007,AVAILABLE
WAUDH78E96A852432,Toyota,Audi,1978,AVAILABLE
1GYS3DEF2BR717528,Chrysler,Buick,2011,NOT AVAILABLE
WAUDF98E16A703319,Ford,Audi,2000,NOT AVAILABLE
2HNYD2H48CH555380,Suzuki,Scion,1999,AVAILABLE
JN8AZ2NC0E9092047,Mitsubishi,Ford,1989,AVAILABLE
5LMJJ2H52DE027294,Chevrolet,Mercedes-Benz,2008,AVAILABLE
NM0KS7AN3AT036266,Dodge,Ford,1998,AVAILABLE
3VW507AT7EM766154,Volvo,Land Rover,2010,AVAILABLE
3MZBM1K78EM636681,Volkswagen,Honda,1993,NOT AVAILABLE
WAUWFAFL1CA236796,Aston Martin,Mazda,2011,AVAILABLE
5UMBT93598L472795,Dodge,Mercedes-Benz,1996,AVAILABLE
1G6KA5EY4AU611938,Buick,Mitsubishi,1992,NOT AVAILABLE
1C4PJLAB6FW339977,Isuzu,Chevrolet,2000,NOT AVAILABLE
1FTEW1C89AF087100,Pontiac,Infiniti,2005,NOT AVAILABLE
1D4PT7GX4BW816908,Ford,Cadillac,1970,AVAILABLE
WDDEJ9EB3EA983944,Dodge,Toyota,1997,NOT AVAILABLE
1G6DP57V080828169,Pontiac,Mercedes-Benz,1988,NOT AVAILABLE
JH4NA216X1T262172,GMC,Volvo,2001,AVAILABLE
JTHBS1BL6D5902823,Ford,Pontiac,2006,AVAILABLE
WAUEG98E06A991822,Nissan,Pontiac,2005,AVAILABLE
SCBDU3ZA3CC403026,Isuzu,Pontiac,1993,AVAILABLE
5UXWX9C50E0018943,Mercury,Volkswagen,2004,NOT AVAILABLE
1D7RV1GP1BS805150,Honda,Dodge,2003,AVAILABLE
WAUVT68E65A817519,Mercedes-Benz,Toyota,2005,AVAILABLE
WAUDFAFL2AA942180,Dodge,Cadillac,1994,AVAILABLE
WBABW53415P961818,Mazda,Ford,2007,AVAILABLE
1C6RD7FP3CS062730,Lincoln,Chevrolet,2002,NOT AVAILABLE
2HNYD18805H541196,Chevrolet,Chrysler,2000,NOT AVAILABLE
JN8AZ2NC9D9736062,Mercedes-Benz,Chevrolet,2006,NOT AVAILABLE
3LN6L2G94FR384855,Acura,Acura,1998,NOT AVAILABLE
WBA3A5G5XCN617497,Saturn,Pontiac,1998,NOT AVAILABLE
1D7RV1CP3BS637646,Nissan,Chevrolet,2010,AVAILABLE
1GYS4CEF5ER793059,Nissan,Panoz,2004,NOT AVAILABLE
1GYS4EEJ0CR079840,Chrysler,Cadillac,1999,AVAILABLE
SALME1D4XAA477304,Dodge,Kia,1995,AVAILABLE
WAUFMAFC9FN243756,Jaguar,Volvo,2003,NOT AVAILABLE
WAULT58E75A717754,Hyundai,Infiniti,2002,NOT AVAILABLE
SCBLF34F23C979814,Ford,Lexus,1993,NOT AVAILABLE
WAUBH78E07A978168,Pontiac,GMC,1961,AVAILABLE
1C4SDHCTXFC984198,Chrysler,Chevrolet,2008,NOT AVAILABLE
3N1CN7AP3DL002159,Hyundai,Oldsmobile,2008,AVAILABLE
WBAVB73518P492084,Nissan,Audi,1997,AVAILABLE
WBAUP93598V821621,BMW,Infiniti,2012,NOT AVAILABLE
WBAVT13566A702575,Ford,Isuzu,1980,NOT AVAILABLE
3VWKP7AJ7CM070243,Chevrolet,Buick,2000,AVAILABLE
YV126MFC4F1224451,Bentley,Dodge,2008,AVAILABLE
SALFP2BG3FH937648,Ford,Pontiac,1999,NOT AVAILABLE
19UUA56972A491179,Mitsubishi,Nissan,1994,NOT AVAILABLE
WBA3A5C5XCF046321,Lincoln,Mazda,1987,NOT AVAILABLE
WAUWFAFR3BA202619,Jeep,Nissan,2007,NOT AVAILABLE
3D73M3CL9AG149017,Toyota,Volkswagen,2007,AVAILABLE
1G6DL8EG3A0875056,Mitsubishi,Mazda,2012,NOT AVAILABLE
WAUAH98EX8A126788,Panoz,Nissan,2005,AVAILABLE
YV1612FH2E1921406,Infiniti,Chevrolet,2005,NOT AVAILABLE
WBAPL5C59BA269506,Chevrolet,Dodge,1999,AVAILABLE
WDDHF2EB1DA808757,Pontiac,Buick,1992,NOT AVAILABLE
3N1BC1CP5CK712910,Nissan,Chevrolet,2008,NOT AVAILABLE
WAUSH78E86A059081,Chevrolet,GMC,2000,AVAILABLE
1G6D05EG1A0079462,GMC,Chrysler,2009,NOT AVAILABLE
WDDEJ7GB2DA228932,Daihatsu,Isuzu,1992,AVAILABLE
5N1AA0NC3FN592053,Toyota,Ford,2011,NOT AVAILABLE
WVGEF9BP3ED172229,Isuzu,Porsche,2007,AVAILABLE
1GYS3AEF0BR638986,Mazda,Chevrolet,1997,AVAILABLE
2V4RW3DGXBR098578,Dodge,Mercury,1994,NOT AVAILABLE
WBADS43471G016638,Mercedes-Benz,Scion,2007,NOT AVAILABLE
SALGR2VF2EA245714,Ford,Volkswagen,2002,NOT AVAILABLE
KNADH4A30A6244530,Honda,Ford,1988,AVAILABLE
1GYS4MKJXFR631976,Mazda,Kia,1989,AVAILABLE
2T3BF4DV8AW580177,Buick,Volkswagen,2007,NOT AVAILABLE
KNDKG3A21A7940113,Nissan,GMC,1998,NOT AVAILABLE
1FTEX1C84AK497761,Dodge,Nissan,2007,AVAILABLE
1GYFK435X9R539246,Subaru,Mercedes-Benz,2011,NOT AVAILABLE
1G4HR54K744579581,Lexus,Suzuki,2007,AVAILABLE
WBAEV33484P726657,Mercury,Mitsubishi,2005,NOT AVAILABLE
JM1NC2PF1F0709015,Renault,Volkswagen,1983,AVAILABLE
JTHBE1KS2B0731125,Volkswagen,Lincoln,2001,AVAILABLE
2GKALMEK3D6647782,Audi,Acura,2006,NOT AVAILABLE
WBAEV33474P256203,Cadillac,Mercedes-Benz,2009,NOT AVAILABLE
5UXFG2C58E0332458,Suzuki,Pontiac,2011,NOT AVAILABLE
WAUVVAFR6CA148961,Saab,Suzuki,1988,AVAILABLE
1G6KS54Y83U741870,Toyota,Infiniti,2008,NOT AVAILABLE
2C3CCAHG2CH441810,Dodge,Jeep,2001,NOT AVAILABLE
WBAKE5C54CJ179847,Volkswagen,Ford,2008,NOT AVAILABLE
1G4HR54K83U318619,Volkswagen,Chevrolet,2002,AVAILABLE
1VWAH7A33CC744500,Volkswagen,Mazda,1984,AVAILABLE
WAU4FBFL4CA580121,BMW,Aston Martin,1998,AVAILABLE
KMHGN4JEXFU257777,Infiniti,Subaru,2000,AVAILABLE
1B3CB8HB2AD697940,Cadillac,Lexus,1998,NOT AVAILABLE
WP0CB2A89CS425197,Subaru,Ford,1986,NOT AVAILABLE
WAUVT54B24N339709,Mercedes-Benz,Nissan,1989,AVAILABLE
YV440MBC6F1286761,Toyota,Volkswagen,2012,AVAILABLE
WBAKX8C50BC075080,BMW,Ford,1999,AVAILABLE
1GD311CG7FZ528787,Saab,Mazda,1990,AVAILABLE
1HGCR2E76EA139850,Ford,Toyota,1969,NOT AVAILABLE
KNAFU5A22B5965358,Toyota,Bentley,2007,NOT AVAILABLE
1N6AA0EC5DN898587,Lexus,Ford,2007,AVAILABLE
1GYFC66868R938250,Infiniti,Ford,1992,NOT AVAILABLE
WAULD64B83N251210,Dodge,Toyota,1998,NOT AVAILABLE
1FTWW3B59AE850195,BMW,Dodge,1992,NOT AVAILABLE
1FTWX3D59AE045467,Ford,Kia,2009,AVAILABLE
WBAUC9C57BV241755,Subaru,Mercury,2011,AVAILABLE
1G6DG577890351669,Jeep,Honda,1993,AVAILABLE
3C63DRKL0CG447934,Chevrolet,Chevrolet,2001,AVAILABLE
WBAWC3C50AP419997,Pontiac,Pontiac,2009,AVAILABLE
JH4CU2F68BC172608,Nissan,Mitsubishi,1993,AVAILABLE
2C4RDGBG7DR878745,Saab,Suzuki,2009,AVAILABLE
KNDJN2A23F7443390,Chevrolet,Toyota,1996,AVAILABLE
4T1BF3EK3BU453281,GMC,Pontiac,2012,AVAILABLE
KNAFU6A23A5138733,Buick,Suzuki,1987,NOT AVAILABLE
WBAEV33403K620327,Toyota,Lincoln,2007,AVAILABLE
1GYS3JEF3DR179777,Ford,Ferrari,2004,AVAILABLE
2HNYD2H21DH430429,Subaru,Acura,1995,NOT AVAILABLE
WAUKF98EX7A444130,Chevrolet,Toyota,2004,NOT AVAILABLE
KNAFK4A6XE5512144,Mazda,Hyundai,1998,AVAILABLE
WBAPN7C59AA133252,Bentley,Kia,2009,AVAILABLE
WVGEF9BP5ED502033,Smart,Mercedes-Benz,2011,NOT AVAILABLE
WAUKF98E68A683420,Chevrolet,Oldsmobile,1995,NOT AVAILABLE
WAUEF78E17A825091,Suzuki,Pontiac,1991,NOT AVAILABLE
WBAEV33472K692902,Pontiac,Honda,2001,AVAILABLE
5TFBW5F18BX119848,Mitsubishi,Suzuki,2000,NOT AVAILABLE
2C3CDZBG1FH086153,Buick,Lincoln,2000,NOT AVAILABLE
WAULT68E25A210525,Honda,Honda,1993,NOT AVAILABLE
1GKS1HE03CR129447,Nissan,Volkswagen,2006,NOT AVAILABLE
19XFA1E55AE020237,Toyota,Maserati,2003,NOT AVAILABLE
WAUFL44D33N300769,Suzuki,Land Rover,2007,AVAILABLE
1G6AY5SX9F0192941,Chevrolet,Bentley,2010,AVAILABLE
3D73Y4HL6AG389001,Cadillac,Land Rover,2012,NOT AVAILABLE
5J6TF2H52DL779083,Pontiac,Volkswagen,1984,NOT AVAILABLE
1GD022CG0CZ876433,Acura,Mercury,2008,NOT AVAILABLE
1G6DM57T560276768,Ford,Toyota,1966,AVAILABLE
1G6DE5E51D0590089,Ford,Ford,2000,AVAILABLE
WBA4A9C58FD315802,Mercedes-Benz,Ford,2002,AVAILABLE
55SWF4JB0FU159948,Cadillac,Ford,2008,NOT AVAILABLE
WBAKX8C54BC530979,Chrysler,Mercedes-Benz,2002,AVAILABLE
WBAAZ334X3K674303,Chevrolet,Mercedes-Benz,1996,AVAILABLE
1G6KF57952U564878,Dodge,Acura,1995,AVAILABLE
2C3CDXCT2DH489040,Acura,Subaru,1999,NOT AVAILABLE
SAJWA4EB9EL332468,Saab,Lexus,1994,AVAILABLE
19XFB2F25CE087169,Jeep,Alfa Romeo,2009,NOT AVAILABLE
3C4PDCAB6FT878712,Ford,Mercedes-Benz,1958,NOT AVAILABLE
JN1AZ4EH8AM150841,GMC,Dodge,2006,AVAILABLE
5N1AN0NU5AC354092,Lexus,Land Rover,1999,AVAILABLE
2C4JRGAG3DR139534,Subaru,Nissan,2004,AVAILABLE
1G6AL5SX4D0549521,Mercedes-Benz,Mitsubishi,1990,AVAILABLE
WAUBF98E18A378617,Buick,Mazda,2001,AVAILABLE
WAUVT58E23A909038,Dodge,Mercury,1996,AVAILABLE
WBAWB73589P760571,Infiniti,BMW,2001,AVAILABLE
2G61V5S81F9104598,Toyota,Chevrolet,2002,AVAILABLE
1G6KD57Y65U618772,Lexus,Plymouth,2000,AVAILABLE
WVWAN7AN7DE950096,Lexus,Pontiac,2005,AVAILABLE
TRUSX28N511947844,Infiniti,GMC,1998,AVAILABLE
5UXZV4C56DL620684,Lincoln,Kia,1990,NOT AVAILABLE
SCFEBBAK6EG659082,Smart,Acura,2012,AVAILABLE
SCFAD02A06G199566,Ford,Isuzu,2001,NOT AVAILABLE
WAUHFAFL8BA599166,Infiniti,Volkswagen,2003,AVAILABLE
SCFAD22303K515196,Isuzu,Acura,1998,NOT AVAILABLE
1G6DN56S250526925,Porsche,Volkswagen,2012,AVAILABLE
WAUFL44DX3N375713,Mazda,Suzuki,1984,AVAILABLE
JN8AF5MV8FT289047,Pontiac,Land Rover,1990,AVAILABLE
WAUVFAFR7BA454367,Mitsubishi,GMC,1993,NOT AVAILABLE
WAUVT58E52A863283,Eagle,Chrysler,1992,AVAILABLE
WBA6B2C57FD170099,Mercury,Dodge,1988,NOT AVAILABLE
WBSBR93421E318152,Saab,Mitsubishi,1996,AVAILABLE
WBAYG6C57FD254456,BMW,Toyota,2004,NOT AVAILABLE
WAUEL94F86N398308,Saab,GMC,2005,AVAILABLE
KNAFT4A26C5030973,Eagle,Chrysler,1994,NOT AVAILABLE
3GYFNCE32FS274991,Toyota,Hyundai,1995,AVAILABLE
JM3TB2MA0A0876484,BMW,Subaru,2012,AVAILABLE
3C3CFFERXFT863751,Chevrolet,Mitsubishi,2000,NOT AVAILABLE
WAUEH78E98A143488,Acura,Nissan,2006,NOT AVAILABLE
JTHFE2C20C2889412,Honda,Audi,1997,NOT AVAILABLE
WBAKB4C53BC084640,Pontiac,Cadillac,1994,NOT AVAILABLE
2C3CCARG3DH940079,Peugeot,Porsche,2007,AVAILABLE
SALWG2WF2EA494420,Chevrolet,Pontiac,2004,AVAILABLE
WAUAGAFD6EN979286,Kia,Isuzu,2011,AVAILABLE
3D7TP2CT0AG724445,Volkswagen,Hyundai,2010,NOT AVAILABLE
1GTN1TEX5DZ273012,Dodge,Volvo,1994,NOT AVAILABLE
5UXZV4C54BL374652,Lotus,Ford,1992,NOT AVAILABLE
5N1AR2MM5FC317195,Mitsubishi,Isuzu,2006,NOT AVAILABLE
WAULD64B74N714424,Nissan,Mercedes-Benz,2011,AVAILABLE
SCFEBBEL7DG160972,Mitsubishi,Pontiac,1994,AVAILABLE
WAUEH98EX8A840356,Dodge,Audi,2010,AVAILABLE
WBAWC7C59AE201012,Land Rover,Dodge,2008,NOT AVAILABLE
1N6AA0CJ2EN418346,Oldsmobile,Chrysler,1992,AVAILABLE
JH4DC43571S919909,Dodge,Mitsubishi,1997,NOT AVAILABLE
TRUWT28N341787190,Hyundai,Lamborghini,2011,NOT AVAILABLE
1G6DM5EGXA0328121,Nissan,Volkswagen,2011,AVAILABLE
1GD12ZCG5CF891847,Mazda,Hyundai,2002,NOT AVAILABLE
WBAVT73578F561122,Honda,Volkswagen,2011,NOT AVAILABLE
2G4GT5GX1E9296001,Ford,Buick,1986,NOT AVAILABLE
WUARL48HX7K236608,Ford,Ford,2002,AVAILABLE
YV126MFCXF1390876,Chevrolet,Lexus,1993,NOT AVAILABLE
WAU3VAFR7CA316727,GMC,Toyota,2012,AVAILABLE
2T1BU4EE5CC732434,Isuzu,Pontiac,2006,AVAILABLE
2C3CCAJG7EH750072,Audi,Mercury,2006,AVAILABLE
1FTEW1C83AF660959,Audi,Nissan,2009,AVAILABLE
1G4GC5G35FF272466,Honda,Dodge,2009,NOT AVAILABLE
JN8AS5MT8AW256857,Eagle,Dodge,1996,NOT AVAILABLE
JM1NC2JF5C0131845,Alfa Romeo,Pontiac,1994,AVAILABLE
3D7LT2ET5AG146173,Geo,Audi,1995,NOT AVAILABLE
1N6AA0EJXFN412213,Chevrolet,Infiniti,2006,NOT AVAILABLE
WBAVT73538F808670,Mercury,Mitsubishi,1993,NOT AVAILABLE
WBAGN83413D475096,Bentley,Saturn,2009,NOT AVAILABLE
2C3CCARG5FH988086,Ford,Pontiac,1995,AVAILABLE
WA1VMBFPXEA578399,Toyota,Dodge,1996,AVAILABLE
2C3CA9CT1AH735222,Land Rover,Lexus,1998,NOT AVAILABLE
WBAKF3C56BE390170,Mitsubishi,Chevrolet,1995,NOT AVAILABLE
JN1AZ4EHXFM552965,Jaguar,Toyota,2009,AVAILABLE
1FTNF1E89AK824073,Chevrolet,Toyota,2010,NOT AVAILABLE
1GYS3FEJ8DR341517,Suzuki,Ford,2006,AVAILABLE
1FTWF3A53AE815282,Pontiac,Acura,1986,NOT AVAILABLE
WBALZ3C52CD078074,Mercury,GMC,1989,AVAILABLE
JTHFF2C26E2682250,Volkswagen,Mazda,2006,AVAILABLE
1FTMF1EW9AF082325,Toyota,Saturn,1997,NOT AVAILABLE
3GYFNFEY1AS033087,Volvo,Ford,1998,AVAILABLE
1GYS4HEFXER177175,Nissan,Mercury,2012,AVAILABLE
1G4GE5E32CF156909,Nissan,McLaren,2010,NOT AVAILABLE
WAUXG74FX9N758068,Toyota,Mercedes-Benz,1992,AVAILABLE
WAUDH98E38A472288,Honda,Chevrolet,2007,NOT AVAILABLE
1FBSS3BL1AD549665,Dodge,Toyota,1995,NOT AVAILABLE
2C3CDXFG5DH426688,Scion,Suzuki,2008,AVAILABLE
WBADR63472G510376,GMC,Buick,2001,NOT AVAILABLE
WBABN53411J866823,Lexus,Acura,2009,NOT AVAILABLE
WBADT53493C362316,Pontiac,Volkswagen,2005,NOT AVAILABLE
4T3BA3BB4EU168748,Isuzu,BMW,1999,AVAILABLE
NM0AE8F77F1147909,Land Rover,Bentley,2002,NOT AVAILABLE
1GYFK46818R372991,Geo,Buick,1996,AVAILABLE
WAUJC68E62A654784,Honda,GMC,2009,AVAILABLE
1GYFC56279R132778,Buick,Chevrolet,1998,NOT AVAILABLE
1G6DE8E51D0505592,Mercury,Hyundai,1991,NOT AVAILABLE
WAUHGBFC5CN472114,Toyota,Ford,2000,AVAILABLE
1GD01ZCG1DF469347,Plymouth,Mazda,1994,AVAILABLE
WAUPL68E45A118169,Mitsubishi,Saab,2010,NOT AVAILABLE
SCFEDCAD9BG671899,BMW,Dodge,2008,NOT AVAILABLE
SALWR2TF3FA144701,Acura,Ford,2001,NOT AVAILABLE
1N6AF0KY6EN682234,Toyota,Pontiac,2011,NOT AVAILABLE
WAUKG78E56A208985,Nissan,Toyota,2011,NOT AVAILABLE
5N1AA0ND1FN186748,Volkswagen,Mercedes-Benz,1983,AVAILABLE
JH4DC53836S005194,Dodge,Mazda,2008,NOT AVAILABLE
SALCP2BG5FH847582,BMW,Oldsmobile,2005,NOT AVAILABLE
JH4DC43501S014525,Lamborghini,Porsche,2004,AVAILABLE
JN1CV6APXBM277153,Hyundai,Suzuki,1992,NOT AVAILABLE
YV4952BZXE1545749,Kia,Jaguar,2003,NOT AVAILABLE
WP0AA2A92DS137297,Pontiac,BMW,1969,NOT AVAILABLE
1N4AB7AP8EN505903,Suzuki,Honda,1990,NOT AVAILABLE
5UXFG8C56EL483543,Studebaker,Acura,1961,NOT AVAILABLE
WBAPL3C5XAA168560,Buick,Mazda,1987,AVAILABLE
WBSBR934X1E201029,Saab,Audi,2011,NOT AVAILABLE
WAUKG74F56N522711,Lincoln,Mercury,2001,NOT AVAILABLE
1GYS4BKJ7FR560692,Chevrolet,Toyota,2005,NOT AVAILABLE
WBASN2C52DC452689,Ford,Suzuki,2000,AVAILABLE
WA1YD54B93N313128,Volkswagen,Infiniti,1997,AVAILABLE
SCBLC47J79C460037,Lincoln,Pontiac,2006,AVAILABLE
WBANE53566C571153,Buick,Lexus,1985,NOT AVAILABLE
SALAC2D41CA579866,Porsche,Mazda,1996,AVAILABLE
WAUFFAFL8CN970411,GMC,GMC,1994,NOT AVAILABLE
WAULT68E25A449363,Nissan,Infiniti,2012,NOT AVAILABLE
1C6RD6HT0CS362424,Pontiac,Dodge,1985,NOT AVAILABLE
WA1YD64BX3N822974,Jaguar,Nissan,2006,NOT AVAILABLE
1FTWW3A56AE077025,Land Rover,Geo,2006,AVAILABLE
JN1CV6EK3AM964164,Maserati,Pontiac,1990,NOT AVAILABLE
WBXPA93474W490876,Dodge,Nissan,1999,NOT AVAILABLE
3C4PDCBB3DT698017,Buick,Chevrolet,1993,NOT AVAILABLE
3VW467AT2DM718313,Toyota,Mitsubishi,2012,NOT AVAILABLE
1G6KD57YX7U461217,Dodge,Oldsmobile,2002,AVAILABLE
WAUKH78E86A231335,Ford,BMW,1966,NOT AVAILABLE
WAUEL74FX6N675660,Mitsubishi,Nissan,1994,NOT AVAILABLE
WAUVC68E62A682134,Nissan,Cadillac,2002,AVAILABLE
1FTSX2A59AE088073,Mercedes-Benz,Ford,2009,NOT AVAILABLE
2T1KU4EE6BC017449,Ford,Isuzu,1992,AVAILABLE
1G6DW6ED9B0616588,Chevrolet,Ford,2007,AVAILABLE
1GYFK53269R927814,Dodge,Nissan,2010,NOT AVAILABLE
1G4HE57Y66U942399,Ram,Plymouth,2011,NOT AVAILABLE
JH4CW2H54DC916531,Infiniti,Mercedes-Benz,2012,AVAILABLE
5GAEV23798J885950,Acura,Aston Martin,2002,AVAILABLE
3GYFNBEY0AS977746,Pontiac,Mazda,2009,AVAILABLE
WBANE53537C554862,Chevrolet,Pontiac,2000,NOT AVAILABLE
SCBET9ZA9FC742789,Honda,Ford,2005,AVAILABLE
WBAYB6C56ED900017,Rolls-Royce,Toyota,2010,AVAILABLE
WAUDF48H97A360449,Chevrolet,Dodge,2001,NOT AVAILABLE
WVGAV3AX7EW604437,Volvo,Chrysler,2011,AVAILABLE
1G6DN57U070538512,Volkswagen,Acura,2007,AVAILABLE
1N6AF0LX3EN185440,Bentley,Ford,2008,AVAILABLE
WA1LMBFE8FD181523,Pontiac,Dodge,2002,NOT AVAILABLE
JH4DC53042C698114,Nissan,Scion,1996,NOT AVAILABLE
1G4HE5EM5AU771041,Audi,Mitsubishi,1998,AVAILABLE
SCBCP73W08C100128,Corbin,Mazda,2004,AVAILABLE
1G6DP5EV7A0262004,Porsche,Jeep,1998,AVAILABLE
1G6DM1ED1B0648671,Toyota,Isuzu,2004,NOT AVAILABLE
SAJWJ0FF4F8468862,GMC,Toyota,2010,NOT AVAILABLE
1GD311CGXFF138901,Mitsubishi,Lincoln,1999,NOT AVAILABLE
SALGR2VF3EA565978,Acura,Land Rover,2001,AVAILABLE
WAUDH48H38K675656,Mitsubishi,Ford,1989,NOT AVAILABLE
KNDJT2A14A7453836,Lincoln,Chevrolet,2012,AVAILABLE
WA1CMAFE5CD384195,Suzuki,Volkswagen,1985,AVAILABLE
WBADN53483G285568,Isuzu,Saturn,1994,AVAILABLE
WAUJC58E94A916052,Buick,Lexus,1988,AVAILABLE
5N1BA0ND3FN022308,Chevrolet,Audi,2002,NOT AVAILABLE
2C4RRGAG3DR621875,Dodge,Mercedes-Benz,2011,AVAILABLE
4A4JM2AS7BE789539,Acura,BMW,2002,AVAILABLE
WBA3B1G57EN977870,Lincoln,Ford,1997,AVAILABLE
1GD11XEG3FF993804,Toyota,Nissan,1995,NOT AVAILABLE
19XFA1F31AE130179,Ford,Audi,2000,NOT AVAILABLE
2LMHJ5AT6CB563899,GMC,GMC,1997,NOT AVAILABLE
1YVHZ8BAXA5561544,Audi,Chrysler,1985,AVAILABLE
ZFBCFADHXFZ905502,Honda,Mazda,1986,NOT AVAILABLE
JN8AZ2KR4AT744867,Ford,Jeep,2009,NOT AVAILABLE
JN8AZ2NC9D9420418,Chevrolet,Dodge,1997,NOT AVAILABLE
WBA3B3C55EJ094911,Hyundai,Toyota,2002,AVAILABLE
WAUKFBFL3BN435053,Lexus,Dodge,2002,NOT AVAILABLE
3D73Y4CL3AG211649,Toyota,Honda,1998,AVAILABLE
JTDZN3EU1D3743194,Ferrari,Ford,2006,AVAILABLE
1N6AF0KY9EN297752,Lincoln,BMW,2011,AVAILABLE
WBAXG5C5XCD758386,Audi,GMC,2005,AVAILABLE
SALAB2D48CA031513,Nissan,Lotus,2011,NOT AVAILABLE
JHMFA3F26BS271927,Mercedes-Benz,Cadillac,2007,AVAILABLE
WVWAB7AJXDW364668,Volkswagen,Toyota,1993,AVAILABLE
1G6AC5SX0F0197928,Lexus,Ford,1995,AVAILABLE
WA1DGAFP5FA378125,Hyundai,Subaru,2008,NOT AVAILABLE
3VW1K7AJ0FM139790,Hummer,Chrysler,2009,AVAILABLE
1C4RDHAG4DC629545,Mitsubishi,GMC,1994,AVAILABLE
1C4AJWAG5CL654026,Mercury,Chevrolet,1992,AVAILABLE
3GYFNCE38FS427485,Lincoln,Mitsubishi,2002,NOT AVAILABLE
1G4GD5GR8CF053885,Dodge,Cadillac,1996,NOT AVAILABLE
WAUSH94F27N457617,Chevrolet,Lexus,2012,NOT AVAILABLE
3VW1K7AJ1CM811755,Toyota,Ford,2012,AVAILABLE
WAUDG78E06A886245,Bentley,Mazda,2012,NOT AVAILABLE
1GYS4AEF2BR280643,Ford,Kia,1999,NOT AVAILABLE
3C4PDCDG6DT154524,Mercedes-Benz,Toyota,2005,NOT AVAILABLE
WA1DGBFE9DD107052,GMC,Ford,1996,AVAILABLE
JN1BV7AP0FM812840,Ram,Ford,2012,NOT AVAILABLE
WAUKD78PX9A935263,Infiniti,GMC,2012,AVAILABLE
WBA3R5C57FF418274,GMC,Chevrolet,2011,NOT AVAILABLE
JH4CL96818C466342,Ford,Subaru,2010,NOT AVAILABLE
1G6DF8EG6A0379045,Mitsubishi,Acura,1984,NOT AVAILABLE
JTHBL1EF7D5323102,Mazda,Nissan,2008,NOT AVAILABLE
WBAKF3C58CJ145038,Hyundai,Mercedes-Benz,2010,AVAILABLE
JTJBC1BA0C2758907,Bentley,Ford,2012,AVAILABLE
WBABV134X5J197899,Subaru,Buick,1986,NOT AVAILABLE
ZHWGU6BZ7CL103265,Ford,Mercedes-Benz,2010,AVAILABLE
SAJWJ0FF9F8715891,Pontiac,Chevrolet,1989,NOT AVAILABLE
1C4NJCBAXED681522,Ford,Infiniti,2002,NOT AVAILABLE
5TDBY5G14DS109738,Aston Martin,Toyota,2010,AVAILABLE
WAUKD78P16A822555,Audi,Subaru,1992,NOT AVAILABLE
5N1AN0NWXDN056809,Nissan,Nissan,1998,AVAILABLE
1FTFW1E80AK871366,Ford,Maserati,1997,NOT AVAILABLE
1G6AC1RX4F0075314,Subaru,Chrysler,2010,AVAILABLE
WBAUL7C5XAV194370,Mercedes-Benz,Ford,2004,AVAILABLE
WAUBF48HX7K940312,Lincoln,Mercedes-Benz,1985,AVAILABLE
YV140MEA3F1223155,Mitsubishi,Buick,1990,NOT AVAILABLE
1FTEW1E80AF608184,Ford,Volkswagen,2002,AVAILABLE
SAJWA1CB0CL898985,Mercedes-Benz,Volkswagen,1988,NOT AVAILABLE
1G4HC5EM5BU641848,Chevrolet,Hyundai,2003,NOT AVAILABLE
WBABN334X3J222051,BMW,GMC,2012,NOT AVAILABLE
SCFBF03B68G357112,Lotus,GMC,2009,AVAILABLE
2LMHJ5AT4FB113009,Dodge,Lotus,2009,NOT AVAILABLE
1C3CDZBG8CN857856,Buick,Mazda,1986,NOT AVAILABLE
WAUMGAFL0DA190853,Bentley,Mitsubishi,2011,AVAILABLE
1GT020CG4EF875489,BMW,Scion,2004,NOT AVAILABLE
WAUVC58E35A615974,GMC,GMC,2000,AVAILABLE
W04G15GV0B1838644,Infiniti,GMC,2011,NOT AVAILABLE
19UUA569X3A893358,Suzuki,Toyota,2008,NOT AVAILABLE
SCBZK25E41C021177,Chevrolet,Lexus,2005,AVAILABLE
1G6AJ5SX9F0371856,Hummer,Mercedes-Benz,1994,AVAILABLE
19UUA9E56DA364092,Cadillac,Jeep,1993,NOT AVAILABLE
JM1DE1HYXB0119857,Ford,Honda,2006,AVAILABLE
1GKS1HE09BR388913,Chevrolet,Kia,1963,NOT AVAILABLE
SCBLF44J28C078587,Toyota,Kia,2012,AVAILABLE
WA1DGAFE4CD194173,Honda,Honda,2000,NOT AVAILABLE
3C3CFFJH2DT697543,Suzuki,Pontiac,1994,NOT AVAILABLE
JN8AZ2KR1CT443878,Chevrolet,Audi,2006,NOT AVAILABLE
3GYT4LEFXCG540661,Dodge,Jeep,2004,AVAILABLE
WAUEF78E28A047403,Acura,BMW,1992,AVAILABLE
SCFEBBBK4DG694815,Dodge,Acura,2010,NOT AVAILABLE
WBAUN13578V601899,Nissan,Lincoln,2007,AVAILABLE
5N1CR2MN9EC662987,GMC,Buick,2012,NOT AVAILABLE
3VW8S7AT9FM510039,Mitsubishi,Dodge,1994,NOT AVAILABLE
1G6DL1E39D0673380,Chevrolet,Chrysler,2003,NOT AVAILABLE
WDDGF4HB5ER695837,Land Rover,Volkswagen,2009,NOT AVAILABLE
WAUHE78P29A519876,Ford,Kia,2005,AVAILABLE
WAUDF98E88A879187,Kia,Ford,2011,AVAILABLE
1N6AA0ECXEN669193,Saturn,Hyundai,2006,AVAILABLE
SCBGH3ZA1FC034060,Geo,Toyota,1994,AVAILABLE
3N1AB6AP9BL924961,Mazda,Chevrolet,2010,NOT AVAILABLE
WAUAFAFH5DN350364,Chevrolet,Nissan,1994,AVAILABLE
TRUVD38J191836664,Mercedes-Benz,Lexus,1987,AVAILABLE
1G6DK8E31D0796554,Chevrolet,Audi,1992,AVAILABLE
1N6AA0CJ1DN258894,Hummer,Jaguar,1999,NOT AVAILABLE
JTDKN3DU9A0164048,Ford,Volvo,2002,AVAILABLE
4USBT53535L897092,Ferrari,Toyota,2012,AVAILABLE
5XYKT3A18DG658481,Mitsubishi,Honda,1994,NOT AVAILABLE
KMHHU6KJ6FU634460,Lincoln,Audi,2009,NOT AVAILABLE
3LNHL2GC9CR106999,Bentley,Dodge,2012,NOT AVAILABLE
JM1CR2W32A0383344,Plymouth,Dodge,1996,AVAILABLE
WAUSH94F67N483735,Chrysler,Volkswagen,2004,NOT AVAILABLE
WDDHF5KB0FB751650,Cadillac,Toyota,2009,NOT AVAILABLE
SCBFC7ZA3EC508350,Ford,BMW,2000,NOT AVAILABLE
1G6DL8EGXA0517615,Toyota,Cadillac,1998,NOT AVAILABLE
SCFEDEAN6CG815253,Ford,CitroÃ«n,2006,NOT AVAILABLE
WAUSH74F67N402432,Chevrolet,Lexus,1997,AVAILABLE
WBABS33463J304304,Mitsubishi,Audi,1997,AVAILABLE
WAUGFAFR0EA575433,Pontiac,Ford,1986,AVAILABLE
WAU3FAFR8DA661179,Mercedes-Benz,Chevrolet,1992,NOT AVAILABLE
1G4HJ5EM9AU155032,Chevrolet,BMW,1973,NOT AVAILABLE
WAUJF98K99N289924,Mercedes-Benz,Oldsmobile,1999,NOT AVAILABLE
1G6AV5S86E0232618,Mitsubishi,Infiniti,1984,NOT AVAILABLE
WAURFAFR7AA833126,Suzuki,Nissan,2009,AVAILABLE
1FAHP3EN5BW548795,Dodge,Honda,2001,AVAILABLE
WA1MYAFE0AD140928,BMW,Lincoln,2006,AVAILABLE
SCFEDCAD7BG912472,Nissan,Maybach,2006,NOT AVAILABLE
JTDZN3EU6FJ223278,Ford,Mitsubishi,2005,NOT AVAILABLE
1G6DX67D770572320,Chevrolet,Audi,2001,NOT AVAILABLE
1FTNF1E86AK192066,Land Rover,Lexus,1999,NOT AVAILABLE
1G4GA5GR5CF200477,Hummer,Volvo,2010,AVAILABLE
SALWG2VF7FA748142,Buick,Ford,1979,AVAILABLE
WAULT58E55A450842,GMC,GMC,2001,AVAILABLE
WA1AY94L49D599443,Volkswagen,Plymouth,2001,NOT AVAILABLE
5TFCW5F16CX232705,Acura,Saturn,2009,AVAILABLE
1N4AA5AP4BC787634,Mercury,Buick,2002,AVAILABLE
1G6DV8EPXE0322985,Lexus,Ford,2005,NOT AVAILABLE
3D7JV1EP8BG434592,Dodge,Jaguar,1998,NOT AVAILABLE
WAUMFBFL1DN012113,Ford,Aston Martin,2008,AVAILABLE
1N6AF0KX0FN483916,Buick,Oldsmobile,1991,AVAILABLE
1FBNE3BL1AD507663,Pontiac,Geo,2008,NOT AVAILABLE
WBANA73515B972251,Mitsubishi,Chevrolet,1995,AVAILABLE
1FTEW1C81AF917262,Audi,Mitsubishi,1992,AVAILABLE
1GYS4JEF5DR490348,Mercedes-Benz,Isuzu,1998,AVAILABLE
WBA3N5C52EF054520,Dodge,Acura,2003,AVAILABLE
WAUAF78E37A631855,Volkswagen,Ford,2011,NOT AVAILABLE
5XYKT3A18BG190328,Aptera,Audi,2009,NOT AVAILABLE
WAUJC58E05A330485,Chrysler,Chevrolet,2000,AVAILABLE
WP0AA2A99CS805594,BMW,Pontiac,1995,AVAILABLE
WAU4GAFB7AN111691,Chevrolet,Ford,1997,NOT AVAILABLE
SCBBP93W49C310353,Ford,Ford,1984,AVAILABLE
WBA3D3C50EF606250,Chevrolet,Honda,2005,NOT AVAILABLE
WBA6A0C59DD381048,Acura,Mercedes-Benz,1993,NOT AVAILABLE
WAU3FAFR1AA865656,Chevrolet,Mercedes-Benz,1997,NOT AVAILABLE
WAUAF78E86A692780,Ford,Mazda,2004,AVAILABLE
1YVHZ8BH5A5138500,Mazda,Mercedes-Benz,1993,AVAILABLE
WBAAW334X1E369663,Buick,Honda,2006,AVAILABLE
5N1AT2MK9FC292513,Audi,Lexus,2011,NOT AVAILABLE
JN1CV6EK6DM666230,GMC,Volvo,1992,AVAILABLE
3VWA17AU5FM809377,Isuzu,Pontiac,2000,AVAILABLE
3VW1K7AJ1DM895187,Honda,Nissan,2011,AVAILABLE
3C63DPNL6CG613471,Dodge,Chevrolet,1996,AVAILABLE
1FADP5CU0FL610700,Mazda,Audi,2004,NOT AVAILABLE
2C3CDZBT1FH778734,Subaru,Kia,1986,AVAILABLE
5UXZV4C52DL831803,Jeep,Cadillac,2011,NOT AVAILABLE
1D7RE5GK4AS692496,Buick,Dodge,1997,NOT AVAILABLE
3FADP0L34AR524178,Mercury,Chevrolet,2005,NOT AVAILABLE
WAUDG74F35N722428,Honda,Aptera,2004,AVAILABLE
WBADW3C53CE751400,Mercedes-Benz,GMC,2006,NOT AVAILABLE
JN8AF5MR0DT050172,Nissan,Chevrolet,2006,NOT AVAILABLE
KL4CJESB2FB833263,Suzuki,Hummer,1993,NOT AVAILABLE
SALAG2D43DA435273,GMC,Mitsubishi,2005,AVAILABLE
WBA3B3C55FF202822,Lexus,Smart,1997,AVAILABLE
3VW8S7AT5FM070563,Pontiac,Chevrolet,1968,NOT AVAILABLE
WDCYC3HF2CX137550,Ford,Kia,1993,AVAILABLE
WAUCVAFRXBA370960,Mercury,GMC,1985,AVAILABLE
WBA3A5G52CN955394,Ford,Cadillac,1993,NOT AVAILABLE
3D7TP2CT7AG210995,Ford,Suzuki,2001,AVAILABLE
3D4PH3FG6BT187539,Subaru,Chevrolet,2005,AVAILABLE
1D7RV1CT5BS292956,BMW,Ford,2003,AVAILABLE
WBAYE0C54ED713427,Saturn,Dodge,2008,AVAILABLE
19UYA42531A653595,Dodge,Buick,1999,AVAILABLE
WBA5M4C57FD273556,Ford,Dodge,2007,NOT AVAILABLE
1G6YV36A275197713,Ford,Volvo,1986,AVAILABLE
1GYS4HEF5ER382290,Mitsubishi,Shelby,1994,AVAILABLE
5UMCN93422L859170,Chevrolet,Porsche,1999,AVAILABLE
WBAVA37577N651738,Mazda,Rolls-Royce,1995,NOT AVAILABLE
1FTWW3B57AE868498,Suzuki,Suzuki,2011,AVAILABLE
JN1AJ0HP2BM081164,Scion,Volkswagen,2010,NOT AVAILABLE
WAUHE78PX9A907373,Mazda,Dodge,2007,AVAILABLE
JM1DE1KY6D0037801,Nissan,Chevrolet,2010,AVAILABLE
5YMGZ0C58AL382698,Plymouth,Nissan,1976,NOT AVAILABLE
1G6AB5SX2F0493052,Subaru,Mazda,1992,AVAILABLE
WAUML64B42N272688,GMC,Chevrolet,1994,NOT AVAILABLE
1FMCU4K3XAK940448,GMC,Honda,2006,AVAILABLE
WAUEF98E37A092585,Subaru,Acura,2000,NOT AVAILABLE
KNALN4D79F5560265,Volkswagen,Cadillac,2009,AVAILABLE
5GNRNJEE7A8618633,Lexus,Nissan,2004,AVAILABLE
JTDKDTB31C1399330,Jeep,Infiniti,2011,NOT AVAILABLE
5YMGZ0C58CL030658,BMW,Toyota,2000,AVAILABLE
WBA3C3C57EF013973,Infiniti,Hyundai,2010,NOT AVAILABLE
WBANV1C58AB156259,Chevrolet,Jeep,2001,NOT AVAILABLE
3C4PDCBB2FT342080,GMC,Buick,2006,AVAILABLE
1GYS3HEF4ER999067,Maserati,Ford,1991,NOT AVAILABLE
1G6DV5EP5B0760372,BMW,Ford,1958,AVAILABLE
1FTKR1AD6BP819480,Mazda,Mercedes-Benz,1991,NOT AVAILABLE
1G4HP52K23U402122,Subaru,Bentley,2001,AVAILABLE
JN1AY1AR6CM915774,Volvo,Mazda,1995,AVAILABLE
WBAKF3C55CE496272,Ford,Dodge,2011,AVAILABLE
1GYS4JKJ8FR998440,Kia,Oldsmobile,2009,AVAILABLE
WBAEK73424B117982,Buick,Chevrolet,1991,AVAILABLE
3VW4S7AT3EM365917,Toyota,Suzuki,2003,NOT AVAILABLE
1G6KF57934U290759,Lamborghini,Volkswagen,1986,NOT AVAILABLE
1G6DE5E5XD0408549,Mercedes-Benz,Ram,2012,AVAILABLE
2G4GP5EX2E9970258,Ford,Chrysler,2006,AVAILABLE
JN1BJ0HP7FM460218,Ford,Hyundai,2005,AVAILABLE
1C4SDHCT0FC334814,Ferrari,Pontiac,2010,AVAILABLE
WBAEH73485B973268,Mitsubishi,Audi,2005,NOT AVAILABLE
WUARL48H77K688984,Chevrolet,Mazda,1999,NOT AVAILABLE
WBAEU33404P334551,Audi,Kia,1992,AVAILABLE
WAUDL94F56N576378,Aston Martin,GMC,2012,AVAILABLE
1G6AY5S33E0816163,Plymouth,Pontiac,1993,AVAILABLE
WBAUL7C52AV419977,Suzuki,Hyundai,1996,NOT AVAILABLE
1G4CU541544618894,Chevrolet,Jaguar,1995,NOT AVAILABLE
5GADT13S442035115,Nissan,Ford,2000,AVAILABLE
JTDJTUD3XED965696,Saturn,Subaru,2003,NOT AVAILABLE
WBAYF4C55ED169900,Ford,Audi,2004,NOT AVAILABLE
1G6AH5SX2E0869326,GMC,Audi,2006,AVAILABLE
1G6AM5SXXE0976538,Oldsmobile,Chevrolet,1997,NOT AVAILABLE
WAUSFAFL8BA238767,Mazda,Land Rover,2010,NOT AVAILABLE
WAUGN74F47N150808,Mercury,Mercedes-Benz,1970,NOT AVAILABLE
WVGAV7AX4CW533749,Dodge,Chevrolet,2010,NOT AVAILABLE
WAUKGAFBXBN651285,Saab,Dodge,2008,AVAILABLE
3VW517AT7EM132551,Honda,Mercedes-Benz,2008,NOT AVAILABLE
5N1AT2MK0FC453119,Toyota,Pontiac,2012,AVAILABLE
3C6JD7DP6CG808059,Dodge,Mercury,1997,NOT AVAILABLE
WA1VMBFE0BD581885,Ford,BMW,1998,AVAILABLE
1LNHL9DR6CG529466,Volkswagen,Volkswagen,2010,NOT AVAILABLE
2C3CDZBT3FH246160,Chevrolet,Toyota,1985,AVAILABLE
YV4612HK0F1073779,Chevrolet,Mazda,1978,AVAILABLE
1N6AA0EC0FN979788,BMW,Honda,2000,NOT AVAILABLE
SAJWA4FB7CL438655,Volkswagen,Dodge,2010,NOT AVAILABLE
KL4CJBSB1EB027976,Lincoln,Maserati,1985,NOT AVAILABLE
KNAFK4A61F5730443,Audi,Nissan,2004,AVAILABLE
WAUHF98P28A553856,Dodge,Hyundai,1995,AVAILABLE
1C4RDJEG4FC825618,GMC,Toyota,1995,NOT AVAILABLE
1G4HA5EM4AU443136,Land Rover,Mercedes-Benz,1997,AVAILABLE
1GD021EG5FZ568413,Chevrolet,Chrysler,2000,AVAILABLE
WBA3B1C52FP178381,GMC,GMC,2000,NOT AVAILABLE
5GAKRBKD5EJ726434,GMC,Ford,1992,NOT AVAILABLE
WVGAV3AX8DW624937,Mercury,Honda,1993,NOT AVAILABLE
WAUDN94F98N482386,Mitsubishi,Ford,1999,AVAILABLE
2G4WE587X81009150,Chevrolet,Saab,2003,AVAILABLE
WVGAV3AX8EW170755,Volvo,GMC,1995,NOT AVAILABLE
WAUAFAFL5BN863292,Kia,Chevrolet,2011,NOT AVAILABLE
JN8AZ1MU4DW494464,Pontiac,Chevrolet,1984,NOT AVAILABLE
1G6AZ5S32E0300566,Mitsubishi,GMC,2001,AVAILABLE
JN1CV6EK2CM944295,GMC,GMC,1992,NOT AVAILABLE
WA1KK98R09A988196,Holden,Acura,1997,NOT AVAILABLE
3N1CN7AP7EK104832,BMW,Ford,2005,AVAILABLE
WAUDK78T78A050156,Pontiac,Kia,2008,AVAILABLE
WAUJC58E55A831470,Volkswagen,Dodge,1984,AVAILABLE
WA1BY74L79D930427,Isuzu,Land Rover,1999,AVAILABLE
5XXGM4A71DG676032,Pontiac,Land Rover,1973,AVAILABLE
1GKS1AE05CR834662,Ford,Mercury,1986,AVAILABLE
YV1982BW8A1941571,Ford,Cadillac,2009,NOT AVAILABLE
WBAUP9C51DV438962,Porsche,Oldsmobile,2005,AVAILABLE
5UXZV8C52CL298714,Chevrolet,Ford,2002,NOT AVAILABLE
SCBZU25E41C466366,Ford,Mercedes-Benz,2003,AVAILABLE
WAUGN94FX7N263724,Mazda,Mercury,2001,AVAILABLE
1C3BC8EG0BN972096,Volkswagen,Pontiac,1994,NOT AVAILABLE
3N1AB6AP4BL521146,Volvo,Lexus,2004,NOT AVAILABLE
YV1672MC2AJ487729,Lamborghini,Kia,1990,NOT AVAILABLE
YV426MDB1F2873826,BMW,GMC,2001,AVAILABLE
WAUHFAFL1AN262264,Dodge,GMC,2008,NOT AVAILABLE
1FMJK1H56EE753720,Ford,Nissan,1983,NOT AVAILABLE
1G4HP57296U440444,Aston Martin,Mercury,2008,AVAILABLE
3D4PH6FG2BT391921,Kia,Plymouth,2011,AVAILABLE
5TFCW5F12DX147488,Mitsubishi,GMC,1985,NOT AVAILABLE
WAUWFBFL6AA663684,BMW,Jeep,2008,AVAILABLE
3FADP0L30BR943372,Chevrolet,Saab,2009,AVAILABLE
WBA3D3C53EF685400,Infiniti,Mercury,2004,AVAILABLE
1GYEC63T63R185963,Pontiac,Lincoln,1989,AVAILABLE
5FNYF3H29BB085885,Chevrolet,Pontiac,1997,AVAILABLE
JN1CV6FE4AM955076,Nissan,Mitsubishi,2004,AVAILABLE
WVWAN7AN0DE378577,Mercedes-Benz,Chevrolet,2006,AVAILABLE
1YVHZ8BH2A5983191,Buick,Volkswagen,1996,NOT AVAILABLE
JM1BL1H32A1782513,Porsche,Bentley,2005,NOT AVAILABLE
1C3BCBGG9CN245776,Kia,Land Rover,2009,AVAILABLE
WAUKFAFL5BN708908,Mercedes-Benz,Mercury,2006,AVAILABLE
WBAUN1C58CV780771,Ford,Honda,1998,AVAILABLE
1G6AS5SX0E0149623,Mercury,MINI,2007,NOT AVAILABLE
1G6AH5S31E0903558,Volkswagen,GMC,2009,AVAILABLE
WAUKH68D91A877428,Mitsubishi,Land Rover,1993,AVAILABLE
WBASN2C50BC603428,Scion,Lincoln,2012,AVAILABLE
2HNYD2H39CH648139,Maybach,Mitsubishi,2011,AVAILABLE
WAUJC58E12A377794,Saab,Pontiac,2011,NOT AVAILABLE
19UUA76627A602715,Infiniti,Dodge,2012,NOT AVAILABLE
JM1DE1KY6D0641218,Pontiac,Toyota,1969,NOT AVAILABLE
JH4CW2H57CC971652,Pontiac,Chevrolet,1988,AVAILABLE
5J8TB4H56GL245796,Dodge,Toyota,2009,NOT AVAILABLE
1G6KD57Y58U921756,Mitsubishi,Plymouth,1995,NOT AVAILABLE
JN1AZ4EH0EM066468,Pontiac,Mazda,1969,NOT AVAILABLE
JTDZN3EU9E3253071,Suzuki,Buick,2012,AVAILABLE
WA1CM94L79D818089,BMW,Pontiac,2011,AVAILABLE
JM1NC2PF2F0495569,GMC,Pontiac,2004,NOT AVAILABLE
2C3CA1CV2AH471348,Dodge,Dodge,1999,NOT AVAILABLE
WAULT68E55A592954,Isuzu,Pontiac,2007,AVAILABLE
2HNYD18472H672814,BMW,Ford,2005,NOT AVAILABLE
1GD020CG4DZ487655,Volkswagen,Jaguar,2006,NOT AVAILABLE
WA1YD54B22N384606,Mazda,Mazda,2007,NOT AVAILABLE
JM1NC2EF5A0153626,Dodge,Subaru,1993,NOT AVAILABLE
WAUEH78E76A656235,Subaru,Dodge,2011,AVAILABLE
WAUPL68E64A593756,Volvo,Mercury,1994,AVAILABLE
WAUDV94F87N204237,Buick,Mercury,1988,NOT AVAILABLE
1GYS3GKJ2FR762114,Ford,Pontiac,2001,NOT AVAILABLE
19UUA8F39EA717305,Morgan,Maserati,2006,NOT AVAILABLE
3GYT4LEF2CG656324,Pontiac,Pontiac,1967,AVAILABLE
1G6AT5S32F0610431,BMW,Toyota,1995,AVAILABLE
WA1YL54B45N340713,Oldsmobile,Ford,1993,AVAILABLE
1G6AL5S34D0983676,Volkswagen,Mercedes-Benz,1993,NOT AVAILABLE
WAUSH98E06A016396,Ford,Ford,2011,AVAILABLE
2C4RDGCG5FR699931,Audi,GMC,2004,NOT AVAILABLE
1N4AB7AP0EN036855,Pontiac,GMC,1962,AVAILABLE
1GKUKFDJ6AR664449,Dodge,Pontiac,2002,AVAILABLE
WDDGF4HB0DA497986,Nissan,Mazda,2011,NOT AVAILABLE
1N6AA0CJ0DN600013,Chevrolet,Chrysler,1994,AVAILABLE
1GYS3FEJ4DR403480,Mercury,GMC,1988,NOT AVAILABLE
1G6KH5E67BU342572,Lincoln,Subaru,1985,AVAILABLE
WA1C8BFP7FA763233,Ford,Oldsmobile,1992,AVAILABLE
JH4CU4F60DC844823,GMC,Scion,1996,NOT AVAILABLE
2G4WS52J211595409,Volkswagen,Dodge,2011,NOT AVAILABLE
5UMDU93416L947785,Toyota,Pontiac,2010,NOT AVAILABLE
1N6AF0KX8FN628118,GMC,Honda,1999,AVAILABLE
3C6TD5ET9CG029943,Hummer,Lexus,2008,NOT AVAILABLE
19UYA42682A372418,BMW,Mazda,1997,AVAILABLE
JH4KB16688C997617,Dodge,Mercury,2004,AVAILABLE
WAUUL78E18A096127,Chevrolet,Subaru,1995,AVAILABLE
WAUMFAFLXCA305850,Mitsubishi,Chevrolet,1993,NOT AVAILABLE
1G6AH5R38F0418082,Chevrolet,Bentley,2002,AVAILABLE
JN1CV6EK1EM646162,Kia,Hummer,2005,AVAILABLE
5TFBY5F14AX948411,Dodge,Infiniti,1999,AVAILABLE
1N6AA0ED2FN936840,Cadillac,BMW,2007,NOT AVAILABLE
WBANV93569C657140,Suzuki,Oldsmobile,1994,NOT AVAILABLE
2G4GU5EV2C9924384,Mazda,Acura,1994,NOT AVAILABLE
WVGAV7AX3BW029871,Chevrolet,Acura,2001,NOT AVAILABLE
JTJHY7AX6E4619859,Chevrolet,Mercedes-Benz,2006,AVAILABLE
2HNYD2H66CH515624,Dodge,Dodge,2009,AVAILABLE
1FTEX1CM5CF739580,Mitsubishi,Mercury,1988,AVAILABLE
WBAGN63535D409701,Pontiac,Honda,1999,AVAILABLE
2G4GZ5GV9B9393732,Volkswagen,Lamborghini,2002,AVAILABLE
WBAPL3C55AA731109,Hyundai,Oldsmobile,2012,NOT AVAILABLE
1GD21ZCG9CZ086391,Geo,Lamborghini,1995,NOT AVAILABLE
JHMZF1C41BS024064,Mercedes-Benz,Honda,1997,NOT AVAILABLE
1FAHP3FN2AW821947,Mitsubishi,Audi,1998,NOT AVAILABLE
2HNYD2H35DH940551,Dodge,Dodge,2005,NOT AVAILABLE
WVWGU7AN7AE312147,Geo,Chevrolet,1992,NOT AVAILABLE
1D4RE3GG4BC402850,Mitsubishi,Infiniti,2001,NOT AVAILABLE
ZFBCFABH2FZ212734,Suzuki,Mercury,1990,NOT AVAILABLE
WAUGU44D23N066657,Ford,GMC,2013,NOT AVAILABLE
WBAWB33548P816674,Ford,GMC,1970,AVAILABLE
KNDPB3A24C7304650,GMC,Volvo,2001,AVAILABLE
1G6DV1EP4F0704616,Chevrolet,Hyundai,1999,NOT AVAILABLE
WBAKG7C5XCE127945,Ford,Audi,1972,AVAILABLE
JTDKDTB3XD1451667,Mitsubishi,Ford,2002,AVAILABLE
19UUA9F51DA406845,Dodge,Toyota,2001,NOT AVAILABLE
4JGCB2FE7CA947245,Mitsubishi,Lexus,1990,AVAILABLE
WAULV44E67N141354,Volkswagen,Volkswagen,1993,NOT AVAILABLE
WAUJT58E84A139086,Hyundai,Pontiac,2001,NOT AVAILABLE
1N6AA0CA9AN746793,GMC,Toyota,1993,AVAILABLE
5GALVAEDXAJ190760,Mercedes-Benz,Hyundai,2008,AVAILABLE
JTHBE1D22F5851416,Mercedes-Benz,Chevrolet,1993,NOT AVAILABLE
3FAHP0CG0BR274735,Dodge,Subaru,1996,AVAILABLE
5XXGM4A76CG245135,Maserati,Toyota,1985,NOT AVAILABLE
WVWGU7AN1CE102713,Maserati,Ford,2005,NOT AVAILABLE
JTHKD5BH1C2060633,Mercedes-Benz,Toyota,1999,AVAILABLE
4T3BA3BB1CU610754,Maserati,Isuzu,2006,NOT AVAILABLE
WAUML44D33N562718,Dodge,Ford,2002,NOT AVAILABLE
4T1BF3EK3AU994507,Saturn,Volkswagen,2004,NOT AVAILABLE
JTEBU5JR6E5270282,Mazda,Mercury,1998,AVAILABLE
WAUXL58E14A309959,BMW,Chevrolet,2008,NOT AVAILABLE
1N6AA0CC9AN038903,Mercedes-Benz,Nissan,1992,NOT AVAILABLE
WAUBC48H05K428872,Ford,Dodge,1994,NOT AVAILABLE
2C3CA2CV3AH895577,Volkswagen,Plymouth,2002,NOT AVAILABLE
4A31K2DF5AE234953,Pontiac,Chevrolet,2002,AVAILABLE
5BZAF0AA8EN230552,Suzuki,Volvo,2011,AVAILABLE
2LMDJ6JK9EB972882,Mercedes-Benz,MINI,1996,AVAILABLE
WVWBB7AJ1DW771704,Volvo,Mitsubishi,2003,NOT AVAILABLE
YV126MFCXF2189344,Oldsmobile,Mercedes-Benz,1992,NOT AVAILABLE
4USBT33584L165995,Oldsmobile,Buick,1996,AVAILABLE
1GTN1TEH7EZ677875,Chevrolet,GMC,1993,AVAILABLE
JTDKDTB3XF1074213,Nissan,Corbin,2009,NOT AVAILABLE
YV1672MK2C2318346,Audi,GMC,1992,AVAILABLE
1N6AA0CJ3EN981812,Chevrolet,Hyundai,2002,AVAILABLE
SALGR2VF0EA753468,Plymouth,Toyota,1992,AVAILABLE
